City,Cloudiness,Country,Date,Humidity,Lat,Lng,Max Temp,Wind Speed
Punta Arenas,75,CL,1604717233,61,-53.15,-70.92,48.2,8.05
Arraial do Cabo,98,BR,1604717485,74,-22.97,-42.03,70.97,7.63
Jamestown,1,US,1604717210,54,42.1,-79.24,55.4,8.05
Avarua,82,CK,1604717456,83,-21.21,-159.78,77.0,4.7
Cabrobó,90,BR,1604717896,65,-8.51,-39.31,79.21,21.54
Castro,0,BR,1604717273,97,-24.79,-50.01,52.25,6.31
Rikitea,58,PF,1604717441,71,-23.12,-134.97,71.49,16.51
Viedma,0,AR,1604717897,90,-40.81,-63.0,50.0,7.43
Hermanus,7,ZA,1604717459,91,-34.42,19.23,55.0,5.99
Mataura,98,NZ,1604717440,90,-46.19,168.86,46.35,6.33
São Geraldo do Araguaia,100,BR,1604717897,96,-6.4,-48.55,72.34,2.55
São José da Coroa Grande,85,BR,1604717898,86,-8.9,-35.15,77.79,8.52
Vaini,20,TO,1604717445,69,-21.2,-175.2,80.6,10.29
Caravelas,99,BR,1604717457,95,-17.71,-39.25,71.28,4.23
Puerto Quijarro,0,BO,1604717898,34,-17.78,-57.77,77.7,2.64
Ushuaia,75,AR,1604717361,32,-54.8,-68.3,53.6,18.34
Lebu,0,CL,1604717446,80,-37.62,-73.65,52.14,20.49
San Patricio,1,US,1604717485,77,28.02,-97.52,71.01,9.17
Atuona,75,PF,1604717453,78,-9.8,-139.03,78.17,17.74
Mar del Plata,0,AR,1604717353,82,-38.0,-57.56,63.0,4.7
Pisco,90,PE,1604717445,82,-13.7,-76.22,64.4,9.17
Ancud,98,CL,1604717456,75,-41.87,-73.82,48.99,11.41
Seabra,100,BR,1604717794,87,-12.42,-41.77,67.39,3.83
Cape Town,40,ZA,1604717441,93,-33.93,18.42,61.0,16.11
Vila Velha,75,BR,1604717284,88,-20.33,-40.29,73.4,9.17
Alofi,40,NU,1604717471,57,-19.06,-169.92,80.6,14.99
Iaciara,100,BR,1604717900,82,-14.1,-46.63,71.56,3.02
Talcahuano,0,CL,1604717506,81,-36.72,-73.12,53.6,10.29
Puerto Ayora,0,EC,1604717444,79,-0.74,-90.35,68.0,5.01
Hualmay,28,PE,1604717458,87,-11.1,-77.61,60.42,4.76
City of San Pedro,75,PH,1604717901,74,14.35,121.02,88.0,6.93
La Paz,0,BO,1604717812,39,-16.5,-68.15,44.6,10.29
Chui,96,UY,1604717446,93,-33.7,-53.46,60.66,7.52
Pangoa,27,PE,1604717901,93,-12.12,-73.0,67.91,3.74
Coyhaique,0,CL,1604717364,70,-45.58,-72.07,48.2,3.36
Coquimbo,0,CL,1604717320,93,-29.95,-71.34,53.6,1.12
San Rafael,20,AR,1604717902,54,-34.62,-68.33,65.61,16.49
Faanui,0,PF,1604717158,80,-16.48,-151.75,79.43,14.16
Pontes e Lacerda,100,BR,1604717902,35,-15.23,-59.34,75.74,2.82
Alenquer,40,BR,1604717902,94,-1.94,-54.74,78.8,2.24
Chivilcoy,100,AR,1604717903,64,-34.9,-60.02,64.99,1.01
Huarmey,16,PE,1604717514,87,-10.07,-78.15,60.42,4.63
Governador Valadares,2,BR,1604717903,92,-18.85,-41.95,71.26,3.96
George Town,20,MY,1604717206,83,5.41,100.34,84.2,3.36
General Roca,0,AR,1604717903,34,-39.03,-67.58,68.0,9.17
Humaitá,60,BR,1604717904,84,-7.51,-63.02,75.97,1.25
Río Gallegos,0,AR,1604717904,65,-51.62,-69.22,46.4,9.17
Cidreira,1,BR,1604717457,85,-30.18,-50.21,67.12,15.5
Tautira,75,PF,1604717904,66,-17.73,-149.15,84.2,4.7
Rawson,0,AR,1604717770,77,-43.3,-65.1,51.96,8.95
Tabou,100,CI,1604717904,85,4.42,-7.35,78.01,4.61
San Francisco,20,US,1604717771,62,37.77,-122.42,55.4,12.75
Saquarema,75,BR,1604717908,78,-22.92,-42.51,71.6,5.82
San Borja,0,BO,1604717908,44,-14.82,-66.85,79.21,1.59
Yurimaguas,89,PE,1604717908,96,-5.9,-76.08,72.97,2.01
Manicoré,70,BR,1604717908,95,-5.81,-61.3,73.13,2.13
Urucará,100,BR,1604717909,96,-2.54,-57.76,74.52,5.28
Aracaju,20,BR,1604717656,88,-10.91,-37.07,78.8,10.29
Princesa Isabel,3,BR,1604717909,74,-7.74,-37.99,73.13,8.68
Beberibe,40,BR,1604717909,78,-4.18,-38.13,80.6,12.75
Takoradze,88,GH,1604717444,90,4.88,-1.76,78.06,8.97
Los Andes,0,CL,1604717910,67,-32.83,-70.6,64.0,2.04
Taltal,23,CL,1604717286,74,-25.4,-70.48,59.45,1.52
Paraná,0,AR,1604717454,57,-31.73,-60.52,69.01,6.96
Melo,3,UY,1604717910,96,-32.37,-54.18,58.15,10.27
Porto Walter,98,BR,1604717910,72,-8.27,-72.74,76.33,2.26
Santiago del Estero,0,AR,1604717911,31,-27.8,-64.26,78.01,4.0
San Juan,81,AR,1604717911,19,-31.54,-68.54,78.8,11.77
Anastácio,0,BR,1604717911,33,-20.48,-55.81,76.77,3.85
Tiarei,75,PF,1604717911,66,-17.53,-149.33,84.2,4.7
Orán,100,AR,1604717911,48,-23.13,-64.33,79.0,1.74
Alta Floresta,58,BR,1604717911,80,-9.88,-56.09,73.65,2.26
Salinas,1,US,1604717834,62,36.68,-121.66,55.4,8.05
Rocha,100,UY,1604717912,96,-34.48,-54.33,57.27,6.11
Camaná,79,PE,1604717912,76,-16.62,-72.71,63.61,5.59
Acarí,65,PE,1604717515,65,-15.43,-74.62,65.07,3.15
Laguna,1,US,1604717912,58,38.42,-121.42,54.0,11.41
Rio Grande,15,BR,1604717789,88,-32.03,-52.1,66.0,5.99
Boca do Acre,100,BR,1604717912,74,-8.75,-67.4,77.02,0.34
Morros,100,BR,1604717913,97,-9.45,-46.3,69.37,3.51
Imbituba,40,BR,1604717913,88,-28.24,-48.67,64.4,2.24
San Cristobal,36,VE,1604717449,92,7.77,-72.22,66.33,1.12
Porto Seguro,0,BR,1604717913,94,-16.45,-39.06,73.4,2.24
Amontada,100,BR,1604717913,80,-3.36,-39.83,77.32,7.02
São Marcos,0,BR,1604717913,92,-28.97,-51.07,53.67,6.17
Venado Tuerto,38,AR,1604717737,61,-33.75,-61.97,66.99,4.0
Lima,90,PE,1604717512,82,-12.04,-77.03,64.4,11.41
Papara,40,BR,1604717914,78,-3.98,-38.73,81.0,12.75
São João da Barra,100,BR,1604717454,84,-21.64,-41.05,70.38,8.95
Bella Union,0,UY,1604717914,83,-30.28,-57.6,61.61,8.55
Chicama,13,PE,1604717915,83,-7.84,-79.15,60.21,3.85
Santa Cruz de la Sierra,56,BO,1604717379,74,-17.8,-63.17,80.6,5.82
Huancavelica,55,PE,1604717915,93,-12.77,-74.98,39.47,4.47
Valparaíso,90,CL,1604717915,93,-33.04,-71.63,53.6,6.93
Brae,86,GB,1604717916,100,60.4,-1.35,50.0,3.36
Panama City,40,PA,1604717909,83,8.99,-79.52,78.8,3.36
Kapaa,90,US,1604717267,74,22.08,-159.32,80.6,12.75
Kirkland Lake,99,CA,1604717916,93,48.14,-80.04,35.6,3.56
Barrow,90,US,1604717450,79,71.29,-156.79,24.8,9.17
Saint Paul Harbor,1,US,1604717484,74,57.79,-152.41,37.4,5.82
Gouyave,20,GD,1604717811,83,12.16,-61.73,82.4,11.41
Monrovia,100,LR,1604717503,83,6.3,-10.8,78.94,5.97
Monroe,1,US,1604717920,71,43.15,-77.68,61.0,11.41
Klaksvík,99,FO,1604717921,70,62.23,-6.59,42.8,12.75
Port Hardy,75,CA,1604717487,72,50.7,-127.42,44.6,6.93
Columbus,1,US,1604717783,71,39.96,-83.0,53.6,4.29
Saint George,1,US,1604717279,23,37.1,-113.58,73.4,16.11
Haines Junction,0,CA,1604717475,83,60.75,-137.51,-5.8,1.12
Sicamous,0,CA,1604717921,86,50.83,-118.99,33.8,2.24
Moose Factory,75,CA,1604717921,97,51.26,-80.61,32.0,3.36
Codrington,56,AU,1604717473,62,-38.27,141.97,56.08,13.42
Puerto Carreño,76,CO,1604717922,87,6.19,-67.49,79.09,3.76
San Andrés,20,CO,1604717922,94,12.58,-81.7,77.0,2.24
Nome,90,US,1604717198,86,64.5,-165.41,39.99,23.04
Barcelos,75,PT,1604717922,82,41.54,-8.62,59.0,13.87
Upernavik,0,GL,1604717447,78,72.79,-56.15,-4.27,8.39
Hofn,0,IS,1604717516,74,64.25,-15.21,36.63,10.11
Pangnirtung,100,CA,1604717478,83,66.15,-65.71,12.43,1.9
Matagami,90,CA,1604717479,100,49.75,-77.63,33.8,10.29
Hilo,90,US,1604717441,65,19.73,-155.09,82.4,5.82
Clyde River,90,CA,1604717492,78,70.47,-68.59,8.6,18.34
Ponta do Sol,20,PT,1604717450,63,32.67,-17.1,63.0,3.36
Tasiilaq,100,GL,1604717442,86,65.61,-37.64,26.6,23.04
Nzérékoré,94,GN,1604717924,99,7.76,-8.82,69.03,2.19
Yellowknife,40,CA,1604717379,92,62.46,-114.35,9.0,3.36
Ilulissat,100,GL,1604717458,61,69.22,-51.1,12.2,28.86
Rabat,20,MA,1604717925,68,33.99,-6.84,66.2,14.99
Cabo San Lucas,20,MX,1604717469,78,22.89,-109.91,78.01,4.7
Touros,40,BR,1604717507,88,-5.2,-35.46,77.0,3.36
Maniitsoq,99,GL,1604717491,78,65.42,-52.9,22.69,4.59
Grindavik,75,IS,1604717510,60,63.84,-22.43,39.2,14.99
Shelburne,7,CA,1604717926,70,44.08,-80.2,55.99,14.54
Ribeira Grande,45,PT,1604717470,65,38.52,-28.7,58.57,24.43
Sitka,75,US,1604717926,93,57.05,-135.33,39.2,10.29
Oistins,75,BB,1604717927,83,13.07,-59.53,80.6,18.34
Bubaque,38,GW,1604717927,81,11.28,-15.83,82.9,16.75
Bradford,28,GB,1604717815,99,53.79,-1.75,43.0,1.05
Golden,75,US,1604717927,25,39.76,-105.22,60.8,6.93
Norman Wells,90,CA,1604717443,84,65.28,-126.83,8.6,1.3
Qaanaaq,66,GL,1604717447,79,77.48,-69.36,-6.57,8.63
Provideniya,24,RU,1604717491,89,64.38,-173.3,33.28,22.41
Virginia Beach,90,US,1604717640,93,36.85,-75.98,63.0,3.09
Fortuna,40,US,1604717439,100,40.6,-124.16,50.0,11.41
Torbay,90,CA,1604717491,87,47.67,-52.73,54.0,25.28
Pizarro,97,CO,1604717929,82,4.95,-77.37,76.37,7.09
Guerrero Negro,0,MX,1604717448,84,27.98,-114.06,67.91,11.41
Dallas,1,US,1604717871,68,32.77,-96.78,66.99,4.7
Bethel,1,US,1604717440,93,41.37,-73.41,55.99,3.36
Paamiut,100,GL,1604717494,93,61.99,-49.67,32.36,23.38
Poplar Bluff,1,US,1604717929,87,36.76,-90.39,51.8,3.06
Lompoc,1,US,1604717457,66,34.64,-120.46,55.4,12.75
Herrin,1,US,1604717933,81,37.8,-89.03,51.8,4.23
Lagoa,34,PT,1604717468,69,39.05,-27.98,59.22,29.86
Cumberland,90,US,1604717933,93,35.05,-78.87,66.2,5.82
Taoudenni,77,ML,1604717493,19,22.68,-3.98,77.45,6.58
Thompson,90,CA,1604717196,92,55.74,-97.86,15.8,3.36
La Ronge,52,CA,1604717499,78,55.1,-105.28,17.6,4.7
Sturgis,1,US,1604717935,71,41.8,-85.42,55.99,4.7
Saint-Raymond,100,CA,1604717935,62,45.47,-73.61,59.0,6.93
Qaqortoq,75,GL,1604717935,94,60.72,-46.03,32.0,16.11
Nelson,100,NZ,1604717935,86,-41.28,173.28,66.0,1.99
Bon Air,3,US,1604717757,90,37.52,-77.56,55.99,0.63
Tuktoyaktuk,75,CA,1604717464,85,69.45,-133.04,14.0,12.75
Lufkin,1,US,1604717733,72,31.34,-94.73,62.6,5.82
Lavrentiya,26,RU,1604717478,88,65.58,-171.0,33.69,22.88
Peachland,0,CA,1604717936,78,49.77,-119.74,37.0,1.01
Maturin,8,VE,1604717937,97,9.75,-63.18,73.58,4.0
New Richmond,1,US,1604717917,59,45.12,-92.54,62.6,11.41
Cloquet,1,US,1604717938,39,46.72,-92.46,64.4,12.75
Cayenne,0,GF,1604717939,100,4.93,-52.33,75.2,10.56
Wabash,0,US,1604717939,79,40.8,-85.82,54.0,1.01
Mosquera,75,CO,1604717942,87,4.71,-74.23,55.4,4.7
Villa Vicente Guerrero,20,MX,1604717943,67,19.12,-98.17,59.0,10.29
Aklavik,99,CA,1604717506,67,68.22,-135.01,17.6,3.36
Ponta Delgada,75,PT,1604717863,82,37.73,-25.67,59.0,5.82
Thunder Bay,5,CA,1604717946,76,48.4,-89.32,50.0,11.41
Saint-François,0,FR,1604717946,93,46.42,3.91,51.01,2.24
Jérémie,100,HT,1604717946,78,18.65,-74.12,78.21,4.74
Vestmannaeyjar,99,IS,1604717484,68,63.44,-20.27,41.27,15.19
El Tigre,0,VE,1604717504,82,8.89,-64.25,76.86,8.77
Carutapera,100,BR,1604717947,86,-1.2,-46.02,77.31,4.45
Kahului,40,US,1604717450,62,20.89,-156.47,84.2,16.11
Lethem,93,GY,1604717947,87,3.38,-59.8,77.0,6.13
San Quintín,12,MX,1604717948,88,30.48,-115.95,64.29,7.02
Dingle,100,PH,1604717456,81,11.0,122.67,82.54,10.6
Kenora,90,CA,1604717693,88,49.82,-94.43,35.6,9.17
Ribeira Brava,20,PT,1604717948,63,32.65,-17.07,63.0,3.36
Saint Andrews,75,US,1604717949,73,34.05,-81.13,69.8,5.82
Half Moon Bay,90,US,1604717517,76,37.46,-122.43,52.0,5.82
Sinnamary,100,GF,1604717446,86,5.38,-52.95,77.86,10.36
Abbotsford,5,CA,1604717770,80,49.06,-122.25,43.0,6.93
Banamba,1,ML,1604717950,26,13.55,-7.45,77.49,8.12
Dalvik,40,IS,1604717950,44,65.97,-18.53,39.2,13.87
Iqaluit,20,CA,1604717467,77,63.75,-68.51,0.0,28.86
Siguiri,89,GN,1604717951,37,11.67,-9.5,79.7,2.28
Acaraú,100,BR,1604717951,80,-2.89,-40.12,79.61,15.14
Goderich,27,CA,1604717402,62,43.75,-81.72,59.0,14.99
Inuvik,100,CA,1604717681,67,68.35,-133.72,17.6,3.36
Bonthe,99,SL,1604717486,85,7.53,-12.51,78.98,5.37
Yucca Valley,1,US,1604717951,38,34.11,-116.43,75.2,17.22
Vila Franca do Campo,75,PT,1604717470,82,37.72,-25.43,59.0,5.82
Miguel Hidalgo,75,MX,1604717955,42,19.42,-99.2,66.2,6.93
Intipucá,64,SV,1604717506,93,13.2,-88.05,73.98,2.73
Elko,1,US,1604717955,12,41.0,-115.5,66.2,17.22
Guarda,100,PT,1604717955,88,40.54,-7.27,51.01,7.14
Great Falls,90,US,1604717721,80,47.5,-111.3,41.0,5.82
Constitución,0,CL,1604717470,72,-35.33,-72.42,55.15,10.85
Saint Anthony,1,US,1604717466,52,45.02,-93.22,66.2,11.41
Ketchikan,90,US,1604717517,80,55.34,-131.65,37.4,6.93
Manitouwadge,96,CA,1604717956,93,49.12,-85.84,39.2,4.7
Muros,40,ES,1604717956,93,42.78,-9.06,51.8,8.05
Assiniboia,100,CA,1604717957,71,49.63,-105.98,32.0,6.93
Champerico,100,GT,1604717473,97,14.3,-91.92,69.01,5.79
East Wenatchee Bench,1,US,1604717957,52,47.43,-120.28,46.0,8.05
Nanortalik,100,GL,1604717455,88,60.14,-45.24,33.89,20.29
High Prairie,97,CA,1604717474,85,55.43,-116.49,15.8,3.36
Seaford,0,GB,1604717957,90,50.77,0.1,46.99,9.33
La Cruz,0,MX,1604717958,92,23.92,-106.9,75.99,3.36
Fairbanks,90,US,1604717343,85,64.84,-147.72,28.0,8.77
Marrakesh,40,MA,1604717958,76,31.63,-8.01,57.2,5.82
Haverhill,1,US,1604717696,55,42.78,-71.08,60.8,4.7
Paraíso,90,CR,1604717959,100,9.84,-83.87,66.2,6.93
Barra de Tecoanapa,80,MX,1604717959,83,16.52,-98.75,79.79,6.38
Araouane,44,ML,1604717469,16,18.9,-3.53,81.21,9.98
Fort Nelson,40,CA,1604717961,84,58.81,-122.7,5.0,2.24
Mackenzie,90,CA,1604717961,92,55.3,-123.17,26.6,5.82
Nuuk,100,GL,1604717962,100,64.18,-51.72,26.6,2.24
Bahía Honda,100,CU,1604717455,85,22.9,-83.16,75.72,11.34
Santa Rita,75,BR,1604717841,94,-7.11,-34.98,75.2,5.82
Santa Cruz de Barahona,100,DO,1604717963,76,18.21,-71.1,78.08,2.35
Lüshunkou,0,CN,1604717964,45,38.8,121.27,62.6,15.66
Saint-Augustin,89,CA,1604717964,95,51.23,-58.65,37.22,4.79
Puerto Colombia,40,CO,1604717913,94,10.99,-74.95,77.0,3.36
Douglas,1,US,1604717800,72,41.3,-96.17,64.4,8.05
Narsaq,75,GL,1604717464,96,60.92,-46.05,32.0,16.11
Manaure,86,CO,1604717965,78,11.78,-72.44,80.78,4.68
Upata,34,VE,1604717965,87,8.01,-62.4,81.0,1.01
Ixtapa,5,MX,1604717469,83,20.7,-105.2,78.8,3.0
Akureyri,40,IS,1604717965,44,65.68,-18.09,39.2,13.87
Chihuahua,20,MX,1604717917,18,28.5,-106.0,68.0,5.82
Rincon,90,US,1604717966,83,32.3,-81.24,71.6,9.17
Dorado,38,PR,1604717966,85,18.46,-66.27,77.0,4.0
Aguililla,26,MX,1604717967,76,18.73,-102.73,66.69,2.93
Acapulco de Juárez,20,MX,1604717404,83,16.86,-99.89,82.4,5.82
Fort Frances,1,CA,1604717967,70,48.6,-93.4,46.4,9.17
Revelstoke,1,CA,1604717967,69,50.98,-118.2,39.2,9.17
Buenos Aires,0,AR,1604717968,72,-34.61,-58.38,70.0,9.17
Los Llanos de Aridane,0,ES,1604717193,68,28.66,-17.92,66.2,8.05
Kirkwall,91,GB,1604717968,93,58.98,-2.96,42.8,2.24
Two Rivers,1,US,1604717968,93,44.15,-87.57,57.99,13.13
Oranjestad,20,AW,1604717845,78,12.52,-70.03,82.4,4.7
Atar,100,MR,1604717972,25,20.52,-13.05,81.72,2.91
Gallup,40,US,1604717972,25,35.53,-108.74,62.6,10.29
Rapid Valley,1,US,1604717693,41,44.06,-103.15,57.2,6.93
Egvekinot,100,RU,1604717959,99,66.32,-179.17,26.83,2.55
New Milford,1,US,1604717972,71,40.93,-74.02,63.0,5.82
San Luis,51,AR,1604717734,41,-33.3,-66.34,67.93,12.95
Caceres,100,ES,1604717973,95,39.52,-6.37,54.0,3.0
Punto Fijo,9,VE,1604717973,79,11.7,-70.2,82.02,17.11
Saint-Ambroise,75,CA,1604717973,62,48.55,-71.33,55.4,13.87
Magalia,5,US,1604717973,58,39.81,-121.58,57.2,4.7
Husavik,40,IS,1604717465,44,66.04,-17.34,39.2,13.87
Bolivar,0,US,1604717974,72,37.61,-93.41,61.0,4.0
Gardendale,40,US,1604717857,63,33.66,-86.81,66.2,5.82
São Filipe,98,CV,1604717442,78,14.9,-24.5,78.55,4.68
Porto-Novo,40,BJ,1604717815,83,6.5,2.6,82.4,10.29
San Rafael del Sur,75,NI,1604717975,100,11.85,-86.44,73.4,4.7
Salinópolis,97,BR,1604717478,81,-0.61,-47.36,79.84,9.1
College,90,US,1604717469,85,64.86,-147.8,26.01,9.13
Garachiné,29,PA,1604717975,83,8.06,-78.36,75.56,11.12
Hastings,3,GB,1604717976,85,50.86,0.57,46.99,8.86
Killam,100,CA,1604717976,92,52.78,-111.85,28.4,6.93
Itarema,100,BR,1604717473,79,-2.92,-39.92,79.74,14.63
Carballo,0,ES,1604717976,93,43.21,-8.69,55.99,4.7
Mapiripán,65,CO,1604717976,91,2.89,-72.13,75.72,1.05
Bondoukou,0,CI,1604717508,91,8.03,-2.8,71.24,4.72
Pochutla,100,MX,1604717977,88,15.74,-96.47,77.0,3.42
San Mateo del Mar,100,MX,1604717977,63,16.2,-95.0,79.9,28.81
Safi,0,MA,1604717707,82,32.3,-9.24,66.33,19.6
Peniche,18,PT,1604717977,88,39.36,-9.38,59.0,8.01
Paredon,80,MX,1604717977,68,16.03,-93.87,79.63,11.56
La Sarre,91,CA,1604717978,96,48.8,-79.2,37.78,5.01
Diré,31,ML,1604717978,52,12.28,-10.97,77.41,0.78
Arona,20,ES,1604717978,72,28.1,-16.68,66.99,9.17
Sisimiut,100,GL,1604717978,81,66.94,-53.67,13.37,10.76
Sibanicú,75,CU,1604717978,100,21.23,-77.53,71.6,2.24
Catalina Foothills,90,US,1604717979,15,32.3,-110.92,84.0,5.82
Mana,72,GF,1604717979,87,5.66,-53.78,77.54,9.42
Bucerías,5,MX,1604717748,83,20.75,-105.33,79.0,3.42
Covington,1,US,1604717742,87,39.08,-84.51,57.0,2.48
Cape Canaveral,1,US,1604717979,83,28.41,-80.6,77.0,6.93
Rossland,98,CA,1604717979,80,49.08,-117.8,39.99,2.24
Dabakala,60,CI,1604717980,88,8.37,-4.43,73.8,4.14
Hamilton,20,US,1604717490,58,39.18,-84.53,57.0,3.36
Atikokan,78,CA,1604717980,88,48.76,-91.62,45.12,5.5
Santa Pola,0,ES,1604717980,68,38.19,-0.57,71.6,12.75
Washougal,90,US,1604717980,87,45.58,-122.35,46.99,3.36
Puerto Baquerizo Moreno,0,EC,1604717981,78,-0.9,-89.6,66.54,10.16
Lenoir,40,US,1604717981,100,35.23,-77.65,64.0,5.5
Kayes,4,ML,1604717981,34,14.0,-11.0,80.85,2.3
Marsh Harbour,100,BS,1604717286,79,26.54,-77.06,78.42,23.47
Alice Town,99,BS,1604717984,78,25.72,-79.3,80.04,25.08
Kangaba,45,ML,1604717985,38,11.93,-8.42,76.19,2.73
Tucumã,94,BR,1604717917,88,-0.18,-50.05,77.59,5.68
Bafoulabé,22,ML,1604717985,32,13.81,-10.83,81.43,2.71
Juneau,75,US,1604717985,86,58.3,-134.42,28.99,4.29
Flin Flon,99,CA,1604717985,97,54.77,-101.86,14.2,4.29
Nizwá,61,OM,1604717888,64,22.93,57.53,68.09,1.86
Port Blair,0,IN,1604717471,74,11.67,92.75,83.84,11.56
Pāvilosta,1,LV,1604717986,100,56.89,21.19,51.8,8.05
Sur,8,OM,1604717474,67,22.57,59.53,77.74,4.72
Sānchor,0,IN,1604717986,29,24.76,71.77,78.76,5.77
Alugan,100,PH,1604717516,90,12.22,125.48,80.17,26.53
Mergen,22,CN,1604717443,91,49.18,125.22,29.55,3.98
Dikson,0,RU,1604717448,89,73.51,80.55,-0.49,6.02
Nove Davydkovo,1,UA,1604717987,87,48.44,22.62,43.0,1.88
San Policarpo,100,PH,1604717474,89,12.18,125.51,80.69,26.75
Kaohsiung City,75,TW,1604717987,83,22.62,120.31,80.6,16.11
Sfântu Gheorghe,8,RO,1604717984,81,45.87,25.78,36.84,0.56
Saskylakh,84,RU,1604717455,91,71.92,114.08,-4.56,1.63
Chokurdakh,100,RU,1604717440,94,70.63,147.92,1.17,8.52
Severo-Kuril'sk,77,RU,1604717466,75,50.68,156.12,37.11,5.7
Arrondissement de Provins,23,FR,1604717988,100,48.58,3.17,48.0,6.93
Mankera,0,PK,1604717988,21,31.39,71.44,71.17,1.68
Talnakh,40,RU,1604717479,72,69.49,88.4,12.2,13.42
Podgornoye,0,RU,1604717988,86,51.73,39.15,39.2,11.18
Kyra,0,RU,1604717988,74,49.58,111.98,18.01,24.61
Khatanga,0,RU,1604717462,89,71.97,102.5,-5.3,6.64
Butaritari,100,KI,1604717449,75,3.07,172.79,81.37,13.62
Raudeberg,100,NO,1604717989,87,61.99,5.14,50.0,27.65
Marzuq,0,YE,1604717502,46,14.4,46.47,58.71,1.99
Pemangkat,98,ID,1604717461,71,1.17,108.97,83.75,4.74
Thanh Hoa,0,VN,1604717989,60,19.8,105.77,79.2,12.26
Pevek,100,RU,1604717442,95,69.7,170.31,19.45,12.01
Sakaiminato,75,JP,1604717990,93,35.55,133.23,62.6,3.36
Bilibino,100,RU,1604717476,89,68.05,166.44,7.59,8.52
Panjakent,45,TJ,1604717983,20,39.5,67.61,53.6,6.93
Wakkanai,75,JP,1604717990,82,45.41,141.67,55.4,14.99
Lieksa,0,FI,1604717990,71,63.32,30.02,43.32,16.51
Marsaxlokk,40,MT,1604717990,77,35.84,14.54,66.2,9.17
Changji,0,CN,1604717991,44,44.02,87.32,39.2,2.24
Cherskiy,80,RU,1604717472,95,68.75,161.3,6.19,9.95
Raipur,0,IN,1604717886,44,21.23,81.63,69.17,5.03
Tigil',98,RU,1604717991,92,57.8,158.67,30.18,6.64
Katsuura,75,JP,1604717492,72,35.13,140.3,71.01,4.7
Batticaloa,22,LK,1604717992,72,7.71,81.69,83.8,6.64
Nikolskoye,0,RU,1604717472,76,59.7,30.79,50.0,26.84
Dosso,0,NE,1604717992,28,13.05,3.19,75.34,6.55
Kyaikkami,12,MM,1604717992,71,16.08,97.57,82.0,8.21
Mayya,0,RU,1604717993,76,61.73,130.28,8.62,3.27
Sri Aman,40,MY,1604717481,79,1.24,111.46,84.2,0.18
Krasnoyarskaya,67,RU,1604717996,84,47.65,42.04,43.52,6.49
Örnsköldsvik,0,SE,1604717968,87,63.29,18.72,44.6,11.41
Kalmunai,16,LK,1604717509,71,7.42,81.82,83.88,6.67
Mabay,75,PH,1604717997,74,6.06,124.47,84.2,4.7
Meulaboh,100,ID,1604717511,89,4.14,96.13,76.77,5.23
Aksu,0,CN,1604717997,47,41.12,80.26,45.88,0.34
Måløy,100,NO,1604717997,93,61.94,5.11,50.0,16.11
Yerbogachën,59,RU,1604717480,88,61.28,108.01,-4.94,4.99
Jertih,20,MY,1604717998,94,5.73,102.49,78.8,2.24
Salalah,20,OM,1604717475,78,17.02,54.09,71.6,2.24
Yuyao,21,CN,1604717836,49,30.05,121.15,73.99,6.71
Sam Chuk,71,TH,1604717998,80,14.76,100.09,78.78,12.86
Huilong,70,CN,1604717999,49,31.81,121.66,71.01,7.78
Podporozh'ye,56,RU,1604717999,81,60.91,34.17,41.47,8.19
Shimanovsk,100,RU,1604717999,96,52.0,127.7,27.88,4.85
Kumul,0,CN,1604717483,41,42.8,93.45,48.67,7.11
Changli,0,CN,1604718000,27,39.7,119.15,61.74,17.18
Deputatsky,29,RU,1604717767,92,69.3,139.9,-8.55,2.17
Kyzyl-Suu,0,KG,1604718001,53,42.34,78.01,40.32,6.49
Catuday,67,PH,1604718002,83,16.29,119.81,81.21,10.0
Altay,33,CN,1604718003,69,47.87,88.12,37.04,1.79
Kumbo,57,CM,1604718004,83,6.2,10.67,58.77,3.76
Vanimo,77,PG,1604717504,64,-2.67,141.3,86.22,9.06
Hirara,40,JP,1604717470,74,24.8,125.28,84.2,11.41
Yushala,0,RU,1604718008,69,57.08,64.26,35.6,6.71
Riyadh,0,SA,1604718009,34,24.69,46.72,66.2,4.7
Ubinskoye,100,RU,1604718009,86,55.31,79.68,41.63,14.47
Barwādih,0,IN,1604718010,46,23.83,84.12,69.76,1.52
Balyqshy,75,KZ,1604718010,80,47.07,51.87,41.0,8.95
Leningradskiy,99,RU,1604717167,98,69.38,178.42,27.34,17.52
Bara,20,NG,1604718011,24,10.37,10.73,70.23,6.91
Kutum,0,SD,1604717498,34,14.2,24.67,60.08,6.82
Vostok,71,RU,1604717501,81,46.49,135.88,36.91,13.29
Gravdal,100,NO,1604718012,87,68.12,13.5,46.29,31.47
Muli,44,MV,1604718012,70,2.92,73.57,82.63,1.77
Moyale,73,KE,1604718012,89,3.52,39.06,66.29,3.2
Dolzhanskaya,100,RU,1604718013,100,46.63,37.8,43.0,4.0
Robe,21,AU,1604718013,64,-37.18,139.75,55.99,17.05
Mizdah,19,LY,1604718014,92,31.45,12.98,51.98,2.24
Parabel',100,RU,1604718014,98,58.7,81.48,35.76,8.7
Mīzan Teferī,83,ET,1604718015,83,6.98,35.58,61.77,2.98
Mehamn,64,NO,1604717467,72,71.04,27.85,40.24,29.21
Tashla,98,RU,1604718015,91,51.77,52.74,38.8,6.93
Ouango,100,CF,1604718016,94,4.31,22.56,70.11,0.89
Zhuanghe,0,CN,1604718017,32,39.7,122.99,59.72,13.67
Nishihara,75,JP,1604717499,88,26.18,127.76,82.4,5.82
Mayskiy,40,RU,1604718017,81,47.69,40.1,44.6,11.18
Shebunino,96,RU,1604718017,69,46.43,141.86,49.91,12.37
Chai Nat,71,TH,1604718017,81,15.12,100.1,78.62,11.21
Srednekolymsk,100,RU,1604717473,92,67.45,153.68,-1.48,5.61
Maţāy,100,EG,1604718021,86,28.42,30.78,59.58,3.8
Solnechnyy,88,RU,1604718021,84,50.72,136.63,28.38,2.73
Muroto-misakicho,75,JP,1604717478,100,33.28,134.15,66.2,5.82
Hasaki,75,JP,1604717459,72,35.73,140.83,66.2,4.7
Erenhot,0,CN,1604718022,68,43.65,111.98,31.69,20.29
Airai,0,TL,1604717457,32,-8.93,125.41,81.19,7.63
Buraidah,0,SA,1604717453,34,26.33,43.98,66.2,10.29
Bossangoa,100,CF,1604718023,76,6.49,17.46,71.69,2.35
Sungai Besar,20,MY,1604718023,83,3.67,100.99,84.2,3.36
Tiksi,74,RU,1604717472,93,71.69,128.87,-4.05,3.2
Xam Nua,93,LA,1604718024,78,20.42,104.04,67.01,2.71
Eidfjord,4,NO,1604718024,84,60.47,7.07,35.01,3.33
Ko Samui,20,TH,1604718025,66,9.54,99.94,89.6,5.82
Ansbach,1,DE,1604718025,100,49.3,10.58,37.99,3.36
Cam Ranh,40,VN,1604718026,79,11.92,109.16,84.2,14.99
Lutkun,100,RU,1604718026,72,41.48,47.69,48.16,1.74
Laas,5,IT,1604717501,93,46.62,10.7,44.01,1.99
Tilichiki,9,RU,1604718027,92,60.47,166.1,28.24,3.44
Uetze,75,DE,1604718028,87,52.47,10.2,46.4,9.17
Garoowe,20,SO,1604717821,65,8.41,48.48,70.14,6.26
Longyearbyen,75,SJ,1604717480,80,78.22,15.64,33.8,10.29
Senj,0,HR,1604718029,47,44.99,14.91,55.4,11.41
Adrar,47,MR,1604717450,28,20.5,-10.07,80.6,10.89
Ubari,94,LY,1604718029,58,26.59,12.78,57.34,4.5
Şırnak,5,TR,1604717451,68,37.52,42.46,45.84,3.76
Nizhniy Baskunchak,100,RU,1604718030,80,48.22,46.83,44.82,16.04
Mil'kovo,25,RU,1604717990,74,54.72,158.62,34.9,11.59
Kumano,75,JP,1604718030,93,34.34,132.59,64.99,3.36
Evensk,98,RU,1604717446,91,61.95,159.23,14.99,5.91
Nurota,97,UZ,1604717482,25,40.56,65.69,50.0,11.41
Belyy Yar,40,RU,1604718031,75,53.6,91.39,41.0,6.71
Zliten,6,LY,1604718031,73,32.47,14.57,68.04,7.94
Imeni Poliny Osipenko,99,RU,1604718032,87,52.42,136.49,23.27,2.17
Mahibadhoo,98,MV,1604717455,75,3.78,72.97,82.22,0.56
Zaysan,98,KZ,1604717464,73,47.47,84.87,36.28,1.63
Ambāgarh Chauki,0,IN,1604718033,50,20.78,80.72,68.92,6.53
Baiyin,0,CN,1604718034,37,36.56,104.21,53.01,2.24
Nyurba,99,RU,1604718034,89,63.28,118.33,-1.62,5.32
Boguchany,100,RU,1604718034,94,58.38,97.45,18.55,6.35
Forsytheganj,86,BY,1604718035,94,52.63,29.73,46.13,12.24
Myskhako,82,RU,1604718035,81,44.67,37.74,48.2,6.71
Thatta,0,PK,1604718036,35,24.75,67.92,76.75,5.14
Shenkursk,100,RU,1604718036,89,62.11,42.9,36.41,7.65
Quang Ngai,49,VN,1604718036,78,15.12,108.8,79.45,10.13
Netanya,0,IL,1604718036,87,32.33,34.86,62.01,2.24
Kondinskoye,100,RU,1604718036,97,59.65,67.41,35.87,9.13
Zhangjiakou Shi Xuanhua Qu,0,CN,1604718036,40,40.61,115.04,49.73,24.07
Kloulklubed,90,PW,1604717221,74,7.04,134.26,84.2,5.12
Zhigansk,67,RU,1604717470,89,66.77,123.37,-12.01,4.23
Haicheng,4,CN,1604718037,34,40.85,122.75,55.22,6.17
Assiut,0,EG,1604718040,67,27.18,31.18,59.0,8.05
Hamada,75,JP,1604718040,100,34.88,132.08,64.4,6.93
Arrondissement de Langres,0,FR,1604718041,100,47.83,5.33,41.0,4.7
Plaridel,75,PH,1604718041,74,14.89,120.86,88.0,6.93
Kollam,40,IN,1604718042,89,8.88,76.6,84.2,6.96
Zyryanskoye,100,RU,1604718042,92,56.83,86.63,34.59,11.59
Ust-Nera,99,RU,1604718042,85,64.57,143.2,0.84,4.32
Tazovsky,100,RU,1604717824,99,67.47,78.7,23.43,6.22
Sakata,75,JP,1604718043,72,38.92,139.85,64.4,11.41
Morón,98,AR,1604718043,73,-34.65,-58.62,70.0,1.99
Kulhudhuffushi,92,MV,1604718043,71,6.62,73.07,82.83,3.78
Vardø,72,NO,1604717453,74,70.37,31.11,41.11,23.06
Xinzhou,0,CN,1604718044,40,38.41,112.73,50.09,2.91
Jalu,0,LY,1604718044,73,29.03,21.55,60.19,7.16
Bien Hoa,40,VN,1604717850,58,10.95,106.82,87.8,5.82
Toora-Khem,100,RU,1604718045,90,52.47,96.11,27.14,2.3
Strezhevoy,90,RU,1604718045,98,60.73,77.59,33.8,8.95
Tondano,40,ID,1604718046,62,1.3,124.91,87.8,8.05
Namatanai,42,PG,1604717448,65,-3.67,152.43,85.17,9.53
Waddān,65,LY,1604718046,92,29.16,16.14,57.22,7.47
Berlevåg,57,NO,1604717491,74,70.86,29.09,40.98,28.39
Hambantota,20,LK,1604717461,94,6.12,81.12,82.4,9.17
Wamba,7,NG,1604718047,33,8.93,8.6,72.41,3.27
Nerchinskiy Zavod,100,RU,1604718048,95,51.31,119.61,22.55,4.52
Omsukchan,100,RU,1604717500,91,62.53,155.8,5.61,5.5
Beli Manastir,0,HR,1604718049,100,45.77,18.6,37.99,0.11
Bam,14,IR,1604718049,27,29.11,58.36,61.14,5.21
Agadez,0,NE,1604718049,38,19.75,10.25,62.83,12.91
Nālūt,16,LY,1604718050,72,30.33,10.85,55.54,9.69
Eyl,37,SO,1604718050,78,7.98,49.82,74.07,10.98
Yangambi,100,CD,1604718050,99,0.81,24.43,70.52,1.72
Chumikan,12,RU,1604718050,91,54.72,135.31,19.99,13.65
Chernyshevskiy,62,RU,1604717507,89,63.01,112.47,-3.39,2.98
Kushmurun,95,KZ,1604718051,72,52.45,64.63,37.18,16.55
Lindås,97,NO,1604718051,97,60.74,5.16,46.99,3.0
Hobyo,86,SO,1604717481,79,5.35,48.53,79.83,7.4
Fukuechō,75,JP,1604718052,88,32.69,128.84,68.0,12.75
Yenagoa,30,NG,1604718052,96,4.92,6.26,75.81,3.62
Port Dickson,20,MY,1604718053,83,2.52,101.8,82.4,3.36
Gambēla,89,ET,1604718053,82,8.25,34.58,70.93,3.33
Okha,97,RU,1604718053,90,53.57,142.95,30.4,15.28
Khovd,0,MN,1604718054,70,48.01,91.64,36.39,0.36
Basco,14,PH,1604718054,84,20.45,121.97,81.07,16.24
Ormara,0,PK,1604718056,45,25.21,64.64,76.3,4.83
Beringovskiy,58,RU,1604717474,89,63.05,179.32,30.4,27.29
Mathbaria,0,BD,1604718057,70,22.29,89.96,73.56,7.14
Shelopugino,97,RU,1604718059,93,51.65,117.56,23.05,9.8
Kidal,0,ML,1604718060,22,18.44,1.41,69.94,12.15
Ossora,78,RU,1604718061,85,59.24,163.07,32.07,2.59
Bud,1,US,1604717871,62,39.45,-86.18,57.99,5.82
Ostrovnoy,100,RU,1604718065,93,68.05,39.51,36.66,16.55
Pyra,75,RU,1604718066,93,56.3,43.35,37.4,8.95
Kargasok,100,RU,1604718066,98,59.06,80.86,35.78,9.57
Loa Janan,100,ID,1604718067,54,-0.58,117.09,90.36,2.37
Chifeng,0,CN,1604718067,41,42.27,118.96,47.68,22.44
Lodwar,98,KE,1604718067,58,3.12,35.6,79.75,3.62
Xichang,96,CN,1604718067,62,27.9,102.26,58.01,1.74
Kharagpur,0,IN,1604718068,54,22.33,87.33,73.26,7.29
Aykhal,75,RU,1604718068,84,66.0,111.5,3.2,2.24
Solomenskoye,97,RU,1604718068,70,44.22,44.35,45.72,12.44
Anadyr,90,RU,1604717515,92,64.75,177.48,26.6,17.9
Kostanay,0,KZ,1604717863,64,53.17,63.58,35.6,11.18
Gleisdorf,0,AT,1604718069,100,47.11,15.71,42.01,2.24
Bilma,0,NE,1604718069,34,18.69,12.92,64.74,12.12
Lala,100,PH,1604718069,79,7.97,123.75,82.2,3.87
Turaif,0,SA,1604718070,81,31.67,38.66,53.6,10.29
Kavieng,83,PG,1604718070,71,-2.57,150.8,85.05,12.59
Ordu,75,TR,1604718070,76,40.91,37.68,57.2,11.41
Mariehamn,20,AX,1604718071,100,60.1,19.93,33.8,5.75
Saint-André-les-Vergers,10,FR,1604718071,87,48.29,4.05,44.6,4.7
Bitkine,30,TD,1604718071,23,11.98,18.21,73.72,8.19
Berck,0,FR,1604718072,93,50.4,1.6,42.8,9.17
Tokmak,100,UA,1604718072,69,47.25,35.71,48.16,8.46
Osa,100,RU,1604718072,95,57.28,55.46,36.5,4.05
Goundi,78,TD,1604718073,39,9.36,17.37,71.74,3.09
Sayyan,4,YE,1604718073,47,15.17,44.32,46.65,1.39
Kosh-Agach,10,RU,1604718073,91,50.0,88.67,19.47,0.69
Ichinohe,40,JP,1604718074,55,40.21,141.3,64.4,20.8
Udachny,75,RU,1604717477,84,66.42,112.4,3.2,2.24
Dniprovka,100,UA,1604718074,70,47.43,34.62,49.68,13.02
Dabat,42,ET,1604718075,68,12.98,37.77,51.33,2.73
Verkhnechusovskiye Gorodki,100,RU,1604718075,31,58.17,57.11,73.89,4.18
Jinchang,0,CN,1604718076,35,38.5,102.17,49.69,3.02
Andijan,20,UZ,1604718076,100,40.78,72.34,55.99,8.99
Starogard Gdański,100,PL,1604718076,100,53.96,18.53,48.99,7.0
Belaya Gora,55,RU,1604718076,90,68.53,146.42,-9.87,3.96
Mugur-Aksy,59,RU,1604718077,92,50.35,90.5,28.4,4.63
Turukhansk,100,RU,1604717479,95,65.82,87.98,12.96,14.25
Ikom,86,NG,1604718078,97,5.97,8.71,72.99,0.76
Berezovyy,94,RU,1604718078,83,51.67,135.7,28.36,0.96
Vyšší Brod,0,CZ,1604718079,62,48.62,14.31,37.0,10.0
Ust-Kuyga,94,RU,1604718079,85,70.02,135.6,-23.48,5.37
Frankfurt am Main,0,DE,1604717917,71,50.12,8.68,42.01,4.7
Syamzha,95,RU,1604718079,92,60.02,41.06,36.16,8.46
Zhezkazgan,75,KZ,1604718080,78,47.8,67.71,33.21,8.95
Krasnosel'kup,100,RU,1604718080,98,65.7,82.47,32.25,11.01
Bereda,99,ES,1604718081,100,43.27,-7.54,55.0,1.99
Vawkavysk,78,BY,1604717827,94,53.16,24.45,47.01,9.19
Benghazi,57,LY,1604717332,71,32.12,20.07,67.19,13.78
Tupik,100,RU,1604718081,88,54.43,119.93,19.67,8.99
Balabac,70,PH,1604718085,77,7.99,117.06,82.71,11.21
Umeå,0,SE,1604718085,87,63.83,20.26,46.0,9.17
Zonguldak,90,TR,1604718085,89,41.25,31.83,47.32,2.3
Davenda,100,RU,1604718086,85,53.56,119.32,21.88,9.62
Seoul,1,KR,1604718002,63,37.57,126.98,62.6,4.7
Talaya,100,RU,1604718086,91,61.38,152.75,4.6,5.88
Volga,100,RU,1604718087,83,57.95,38.39,41.54,11.41
Tsimmerbude,90,RU,1604717983,93,54.67,20.13,51.8,11.18
Boddam,98,GB,1604718088,100,57.47,-1.78,46.0,2.24
Panzhihua,61,CN,1604718088,58,26.59,101.71,66.83,2.21
Krasnoarmeysk,5,RU,1604718088,100,51.02,45.7,39.67,9.91
Chýnov,0,CZ,1604718089,54,49.41,14.81,34.0,3.42
Beba,75,CU,1604718089,94,22.44,-79.73,73.4,4.7
Visnes,14,NO,1604718090,100,59.36,5.22,48.99,12.75
Kavaratti,7,IN,1604718090,73,10.57,72.64,83.07,7.36
Dukat,100,RU,1604717496,92,62.55,155.55,0.88,4.83
Kharitonovo,89,RU,1604718091,94,61.4,47.5,34.79,5.17
Semporna,20,MY,1604718091,79,4.48,118.61,86.0,3.36
Kaseda-shirakame,75,JP,1604718092,88,31.42,130.32,73.4,2.24
Tuni,0,IN,1604718092,70,17.35,82.55,79.97,7.76
Pustoshka,30,RU,1604718093,91,56.34,29.37,44.91,10.11
Chālūs,75,IR,1604718093,88,36.66,51.42,64.4,1.45
Funadhoo,86,MV,1604718093,73,6.15,73.27,83.57,9.01
Bandarbeyla,33,SO,1604718094,79,9.49,50.81,74.35,8.59
Tcholliré,68,CM,1604718095,45,8.4,14.17,70.29,2.21
Miyazu,75,JP,1604718095,88,35.53,135.18,62.6,1.12
Yanam,20,IN,1604718096,83,16.73,82.22,80.6,8.05
Hong Kong,17,HK,1604717895,55,22.29,114.16,82.0,1.01
Esil,80,KZ,1604718097,72,51.96,66.4,36.93,15.77
Lovozero,100,RU,1604718097,91,68.0,35.01,35.15,20.15
Novikovo,96,RU,1604718098,84,51.15,37.89,40.41,10.47
Kiryat Gat,0,IL,1604718099,78,31.61,34.76,62.01,3.91
Verāval,0,IN,1604718099,44,20.9,70.37,79.32,10.78
Shache,0,CN,1604718100,41,38.42,77.24,47.88,1.63
Jinan,0,CN,1604718023,25,36.67,117.0,68.0,2.86
Kyren,55,RU,1604718101,85,51.68,102.14,23.7,0.34
Machhlīshahr,0,IN,1604718102,82,25.68,82.42,64.4,3.36
Shimoda,75,JP,1604718102,83,34.67,138.95,69.8,18.34
Seymchan,100,RU,1604718102,93,62.88,152.43,8.78,12.24
Sirte,4,LY,1604717515,74,31.21,16.59,68.58,12.41
Kamenka,1,RU,1604718103,94,51.32,42.77,36.0,13.65
Wanning,0,CN,1604718104,66,18.8,110.4,80.44,10.56
Naze,20,JP,1604718105,83,28.37,129.48,82.4,9.17
Thongwa,21,MM,1604718105,83,16.76,96.53,82.4,11.41
Along,0,IN,1604718106,42,28.17,94.77,70.36,0.31
Tataouine,0,TN,1604718106,63,32.93,10.45,60.8,3.36
Slantsy,0,RU,1604718106,85,59.12,28.09,46.67,7.76
Berdigestyakh,100,RU,1604718107,91,62.1,126.7,2.86,5.26
Ereymentau,80,KZ,1604718107,61,51.62,73.1,38.59,11.52
Ahtopol,0,BG,1604718107,87,42.1,27.95,46.99,8.05
Carnot,99,CF,1604718111,92,4.94,15.87,70.18,0.98
Haradok,71,BY,1604718111,91,55.46,29.98,45.59,13.09
Dwārka,0,IN,1604718111,49,22.24,68.97,80.29,10.87
Nagato,90,JP,1604718111,93,34.38,131.2,66.2,3.36
Sorong,49,ID,1604718111,68,-0.88,131.25,86.0,13.35
Kwang Binh,82,VN,1604717839,79,17.48,106.6,77.38,14.83
Kotapārh,0,IN,1604718112,69,19.15,82.35,72.36,5.88
Havøysund,75,NO,1604717962,68,71.0,24.66,39.2,33.33
Kodinsk,100,RU,1604718112,94,58.69,99.18,14.18,5.32
Kieta,94,PG,1604718113,69,-6.22,155.63,84.15,4.05
Poltava,98,UA,1604718113,89,49.59,34.54,44.49,11.9
Yumen,0,CN,1604718113,33,40.28,97.2,50.32,11.61
Pilar,75,BR,1604718114,94,-9.6,-35.96,73.4,4.7
Erzurum Province,40,TR,1604717862,85,40.0,41.5,35.6,3.36
Cotonou,40,BJ,1604718114,83,6.37,2.42,82.4,10.29
Zdvinsk,100,RU,1604718115,79,54.7,78.66,41.97,13.29
Qujing,88,CN,1604718115,84,25.48,103.78,54.12,6.31
Peleduy,100,RU,1604718115,89,59.63,112.74,1.29,8.79
Kyaikto,29,MM,1604718116,72,17.3,97.02,83.28,2.39
Sibolga,100,ID,1604717829,59,1.74,98.78,85.96,2.89
Ekibastuz,99,KZ,1604718116,56,51.67,75.37,41.88,10.6
Lashio,0,MM,1604718117,60,22.93,97.75,75.06,1.23
Batagay,97,RU,1604718118,83,67.63,134.63,-21.06,0.96
Devarkonda,52,IN,1604718118,71,16.7,78.93,75.88,6.44
Ventspils,0,LV,1604718119,100,57.39,21.56,42.8,3.36
Quryq,100,KZ,1604718119,74,43.2,51.65,54.1,10.89
Wum,100,CM,1604718119,81,6.38,10.07,64.02,3.31
Biltine,0,TD,1604718119,23,14.53,20.92,70.9,12.41
Qūchān,100,IR,1604718120,34,37.11,58.51,53.02,5.1
Masallātah,0,LY,1604718120,77,32.62,14.0,64.54,8.03
Volchikha,76,RU,1604718120,71,52.03,80.38,37.85,8.48
Ugoofaaru,90,MV,1604718120,73,5.67,73.0,83.62,8.63
Abhā,0,SA,1604718121,87,18.22,42.51,55.4,1.45
Severodvinsk,90,RU,1604718121,100,64.56,39.83,37.4,6.71
Arman',99,RU,1604718122,86,59.7,150.17,14.16,9.62
Aleksandrów Kujawski,90,PL,1604718122,100,52.88,18.69,50.0,4.7
Storforshei,100,NO,1604718122,94,66.4,14.52,46.99,11.99
Neutraubling,1,DE,1604718123,86,48.98,12.2,34.0,4.7
Champawat,0,IN,1604718123,55,29.33,80.1,54.43,3.96
Kayerkan,40,RU,1604718123,72,69.35,87.76,12.2,13.42
Faya,0,SA,1604718124,87,18.39,42.45,55.4,1.79
Magdalena,75,PH,1604718125,74,14.2,121.43,87.01,6.93
Pangody,100,RU,1604718125,99,65.85,74.49,28.58,8.5
Tinosu,40,RO,1604718126,100,44.82,26.02,46.0,1.12
Bereket,100,TM,1604718126,31,39.24,55.52,56.8,4.29
Promyshlennaya,0,RU,1604718127,74,54.92,85.64,36.12,8.95
Severo-Yeniseyskiy,100,RU,1604718127,98,60.37,93.04,23.49,9.22
Isiro,100,CD,1604718128,98,2.77,27.62,66.6,2.26
Petropavlovsk-Kamchatskiy,40,RU,1604717978,51,53.05,158.65,39.2,6.71
Zyryanka,100,RU,1604718128,93,65.75,150.85,3.31,16.17
Ust'-Tarka,96,RU,1604718131,71,55.57,75.7,40.69,13.56
Kannur,20,IN,1604717884,88,11.87,75.36,78.8,2.24
Weinan,0,CN,1604718132,54,34.5,109.51,57.2,6.71
Aktobe,40,KZ,1604718132,87,50.28,57.21,42.8,13.42
Basoko,100,CD,1604718133,95,1.24,23.62,69.39,2.53
Karwar,0,IN,1604718133,70,14.8,74.13,80.89,6.31
Erzin,0,TR,1604718133,60,36.96,36.2,61.0,8.01
Lakhdenpokh'ya,0,RU,1604718134,71,61.52,30.2,46.0,10.71
Sakskøbing,100,DK,1604718134,97,54.8,11.63,52.0,7.27
Tura,0,IN,1604718135,70,25.52,90.22,74.03,1.9
Shakhtinsk,0,KZ,1604718136,65,49.71,72.59,32.0,6.71
Manokwari,100,ID,1604718136,68,-0.87,134.08,86.27,6.49
Hudiksvall,0,SE,1604718136,77,61.73,17.1,44.71,3.22
Esso,91,RU,1604718136,91,55.93,158.7,20.93,2.57
Yerköy,2,TR,1604718137,75,39.64,34.47,44.31,3.87
Larsnes,100,NO,1604718137,79,62.2,5.58,51.01,18.99
Burdur,0,TR,1604718137,76,37.72,30.29,48.2,9.17
Batagay-Alyta,2,RU,1604718137,84,67.8,130.41,-12.59,1.14
Nadym,100,RU,1604718138,99,65.53,72.52,28.4,8.46
Aksarka,100,RU,1604717903,99,66.56,67.8,29.35,4.38
Thinadhoo,100,MV,1604718138,67,0.53,72.93,83.16,1.41
Mangrūl Pīr,0,IN,1604718138,45,20.32,77.35,69.93,5.95
Baykit,100,RU,1604717937,91,61.67,96.37,9.16,3.49
Wąbrzeźno,90,PL,1604717932,100,53.28,18.95,50.0,4.7
Bluff,100,NZ,1604718009,83,-46.6,168.33,47.79,7.31
Hobart,75,AU,1604718053,54,-42.88,147.33,60.01,16.11
New Norfolk,97,AU,1604718140,49,-42.78,147.06,57.0,4.0
Albany,17,US,1604718098,49,42.6,-73.97,57.99,1.01
Denpasar,0,ID,1604717896,64,-8.65,115.22,83.7,5.26
Esperance,40,AU,1604718141,77,-33.87,121.9,59.0,13.87
Carnarvon,90,AU,1604717933,73,-24.87,113.63,75.2,16.11
Margate,0,GB,1604718141,66,51.38,1.39,51.01,1.99
Busselton,0,AU,1604718006,32,-33.65,115.33,81.0,5.03
Cap Malheureux,0,MU,1604718142,76,-19.98,57.61,73.0,5.99
Bredasdorp,36,ZA,1604718142,93,-34.53,20.04,51.8,5.82
Westport,1,US,1604718142,87,41.14,-73.36,57.2,5.82
Hithadhoo,83,MV,1604718143,68,-0.6,73.08,83.73,3.87
Saint-Philippe,0,RE,1604718143,64,-21.36,55.77,73.4,3.36
Mount Isa,0,AU,1604718143,6,-20.73,139.5,93.2,10.29
Kalianget,0,ID,1604718144,56,-7.05,113.93,86.77,5.68
Bengkulu,29,ID,1604717933,61,-3.8,102.27,85.59,4.09
Kruisfontein,100,ZA,1604717964,93,-34.0,24.73,57.0,2.28
Warwick,1,US,1604718144,87,41.7,-71.42,57.2,6.93
Broken Hill,0,AU,1604718144,39,-31.95,141.43,66.2,14.99
Bowen,75,AU,1604718145,55,-20.02,148.23,87.8,13.87
Luebo,22,CD,1604718145,96,-5.35,21.42,66.51,1.12
Port Lincoln,17,AU,1604718145,63,-34.73,135.87,61.56,14.9
Port Elizabeth,0,ZA,1604718145,93,-33.92,25.57,57.2,2.26
Tuatapere,100,NZ,1604718146,91,-46.13,167.68,45.7,5.37
Benguela,93,AO,1604718146,72,-12.58,13.41,76.15,2.95
Xai-Xai,0,MZ,1604718150,68,-25.05,33.64,78.58,5.44
Bambous Virieux,75,MU,1604718150,88,-20.34,57.76,73.0,6.93
Launceston,40,AU,1604718150,38,-41.45,147.17,64.0,8.05
Vila,97,PT,1604718151,95,42.03,-8.16,51.01,3.96
Mahébourg,75,MU,1604718151,88,-20.41,57.7,69.8,6.93
Lüderitz,0,NA,1604718151,80,-26.65,15.16,58.17,4.34
East London,100,ZA,1604718151,67,-33.02,27.91,63.84,3.22
Manggar,100,ID,1604717940,74,-2.88,108.27,83.62,8.08
Gizo Government Station,51,SB,1604717890,66,-8.1,156.84,85.69,4.18
Dekar,0,BW,1604718152,27,-21.53,21.93,72.43,7.61
Mlonggo,69,ID,1604718152,60,-6.53,110.7,87.62,2.68
Port Shepstone,100,ZA,1604718153,77,-30.74,30.45,69.91,6.87
Cham,90,CH,1604718153,93,47.18,8.46,46.0,1.28
Samarai,18,PG,1604718153,77,-10.62,150.67,83.08,8.88
Saurimo,100,AO,1604718154,97,-9.66,20.39,65.12,3.36
Nacala,41,MZ,1604718154,84,-14.54,40.67,74.35,5.99
Souillac,75,MU,1604718154,88,-20.52,57.52,69.8,6.93
Morehead,90,US,1604718155,87,37.27,-87.18,53.6,3.33
Ahipara,82,NZ,1604718155,84,-35.17,173.17,66.92,14.25
Mitsamiouli,0,KM,1604718155,77,-11.38,43.28,78.62,11.63
Koumac,16,NC,1604718155,66,-20.57,164.28,80.85,10.45
Port Alfred,100,ZA,1604718156,68,-33.59,26.89,62.44,4.52
Kununurra,85,AU,1604718156,58,-15.77,128.73,87.8,9.17
Mount Gambier,90,AU,1604718156,55,-37.83,140.77,60.8,12.75
Nkhotakota,51,MW,1604718156,58,-12.93,34.3,75.34,3.44
Montepuez,58,MZ,1604718156,90,-13.13,39.0,68.27,6.08
Grand Gaube,0,MU,1604718156,76,-20.01,57.66,73.0,5.99
Katherine,10,AU,1604717909,36,-14.47,132.27,95.0,9.17
Broome,1,US,1604718157,50,42.25,-75.83,57.2,3.36
Quelimane,20,MZ,1604718157,69,-17.88,36.89,78.8,10.29
Wollongong,89,AU,1604718157,63,-34.43,150.88,64.0,16.58
Asău,39,RO,1604717981,95,46.43,26.4,44.01,3.94
Sakaraha,92,MG,1604718157,40,-22.9,44.53,74.08,2.13
Te Anau,100,NZ,1604718158,70,-45.42,167.72,50.83,5.97
Opuwo,57,NA,1604718159,30,-18.06,13.84,61.41,2.26
Henties Bay,17,NA,1604718159,91,-22.12,14.28,59.0,1.99
Hervey Bay,40,AU,1604717967,47,-25.3,152.85,82.0,11.41
Mackay,90,AU,1604718159,55,-21.15,149.2,86.0,14.99
Antalaha,68,MG,1604718160,81,-14.9,50.28,71.37,6.2
Yulara,32,AU,1604717993,9,-25.24,130.99,86.0,16.11
Kendari,60,ID,1604718160,52,-3.94,122.5,89.38,6.08
Tshane,1,BW,1604718160,30,-24.02,21.87,72.84,6.15
Mbala,3,ZM,1604718130,38,-8.84,31.37,61.74,4.97
Innisfail,0,AU,1604718161,34,-17.53,146.03,91.99,1.01
Kaeo,56,NZ,1604718161,90,-35.1,173.78,71.01,15.01
Portland,90,US,1604718161,87,45.52,-122.68,46.4,3.36
Madang,36,PG,1604718162,82,-5.22,145.8,82.71,11.03
Sokoni,40,TZ,1604718162,88,-6.43,39.55,75.2,5.66
Port Hedland,0,AU,1604717972,11,-20.32,118.57,104.0,16.11
Karratha,0,AU,1604717900,18,-20.74,116.85,93.85,17.22
Nelson Bay,40,AU,1604717866,60,-32.72,152.15,69.8,18.34
Kalakamati,77,BW,1604718166,44,-20.59,27.31,74.61,7.45
Tual,60,ID,1604717967,74,-5.67,132.75,83.01,12.37
Byumba,40,RW,1604718166,100,-1.58,30.07,60.8,3.36
Lakatoro,75,VU,1604718166,74,-16.1,167.42,84.2,9.17
Lata,74,PT,1604718167,90,40.16,-8.33,57.99,3.96
Thamaga,0,BW,1604718167,88,-24.67,25.54,66.2,2.24
Waingapu,39,ID,1604718167,47,-9.66,120.26,89.89,8.66
Brazzaville,20,CG,1604717956,88,-4.27,15.28,73.4,3.36
Poum,1,NC,1604718168,76,-20.23,164.02,78.55,14.76
Isangel,75,VU,1604718168,66,-19.55,169.27,86.0,5.82
Labuhan,39,ID,1604718168,62,-6.88,112.21,86.76,2.44
Saldanha,44,ZA,1604718169,93,-33.01,17.94,57.2,9.17
Sefophe,6,BW,1604718169,54,-22.18,27.97,77.79,7.0
Pangkalanbuun,72,ID,1604718169,64,-2.68,111.62,86.22,2.59
Beloha,77,MG,1604718170,53,-25.17,45.05,71.98,2.8
Kirakira,51,SB,1604718170,74,-10.45,161.92,83.21,4.99
Pringsewu,73,ID,1604718170,61,-5.36,104.97,86.29,1.86
Russell,1,US,1604718171,68,32.35,-85.2,68.0,6.42
Mossamedes,66,AO,1604718171,65,-15.2,12.15,70.12,9.4
Lamu,1,KE,1604718171,83,-2.27,40.9,77.0,8.3
Lumeje,96,AO,1604718171,79,-11.55,20.78,66.47,3.33
Galesong,0,ID,1604718171,55,-5.32,119.37,88.36,10.38
Burnie,15,AU,1604718080,48,-41.07,145.92,57.99,11.99
Bambanglipuro,27,ID,1604718172,66,-7.95,110.28,85.66,9.17
Port Augusta,0,AU,1604718172,52,-32.5,137.77,72.0,12.75
Saint-Pierre,0,RE,1604718173,64,-21.34,55.48,71.6,3.36
Hokitika,100,NZ,1604718173,92,-42.72,170.97,55.08,8.99
Kamina,71,CD,1604718173,99,-8.74,24.99,64.27,3.71
Merauke,13,ID,1604718174,61,-8.47,140.33,86.29,9.93
Ambilobe,69,MG,1604718081,73,-13.2,49.05,72.18,3.85
De Aar,74,ZA,1604718174,45,-30.65,24.01,59.65,8.84
Omboué,65,GA,1604718174,91,-1.57,9.26,77.02,10.54
Inhambane,0,MZ,1604718174,77,-23.86,35.38,77.27,13.09
Port Pirie,0,AU,1604718175,52,-33.18,138.02,64.4,12.75
Daru,98,PG,1604718175,71,-9.08,143.21,82.22,7.63
Micheweni,84,TZ,1604718175,82,-4.97,39.83,77.22,5.99
Kisangani,100,CD,1604718175,98,0.52,25.2,70.57,2.21
Auki,68,SB,1604718176,71,-8.77,160.7,84.25,1.92
Dunedin,84,NZ,1604718121,68,-45.87,170.5,57.99,12.66
Gweta,42,BW,1604718176,37,-20.18,25.23,80.17,6.13
Sola,81,VU,1604718073,76,-13.88,167.55,80.83,4.85
Mossendjo,99,CG,1604718176,99,-2.95,12.73,68.54,1.25
Le Port,0,RE,1604718176,64,-20.94,55.29,73.4,10.29
Waipawa,86,NZ,1604718177,88,-41.41,175.52,64.99,16.11
Mangai,20,CD,1604718177,99,-4.05,19.53,66.45,1.28
Lorengau,97,PG,1604718073,73,-2.02,147.27,84.76,10.85
Batemans Bay,17,AU,1604718178,72,-35.72,150.18,64.99,5.01
Alice Springs,80,AU,1604717895,9,-23.7,133.88,80.6,13.87
Praia,0,CV,1604718178,83,14.92,-23.51,77.0,8.05
Mariental,0,NA,1604718181,48,-24.63,17.97,59.58,4.56
Yeppoon,40,AU,1604718181,48,-23.13,150.73,86.0,10.29
Upington,0,ZA,1604718182,44,-28.45,21.26,60.8,3.36
Buala,15,SB,1604718182,65,-8.14,159.59,85.64,2.75
Mutoko,9,ZW,1604718182,57,-17.4,32.23,69.55,4.03
Ngerengere,99,TZ,1604718183,89,-6.75,38.12,70.12,2.17
Boende,58,CD,1604718183,98,-0.22,20.87,68.63,1.16
Matara,3,LK,1604718183,76,5.95,80.54,81.82,10.71
Kariba,0,ZW,1604718183,44,-16.52,28.8,77.29,2.89
Kencong,4,ID,1604718183,61,-8.28,113.37,85.78,4.85
Kaitangata,64,NZ,1604718085,71,-46.28,169.85,51.01,13.0
Porirua,100,NZ,1604718184,87,-41.13,174.85,64.99,5.99
Walvis Bay,0,NA,1604718184,93,-22.96,14.51,59.0,8.05
Chitipa,23,MW,1604718184,70,-9.7,33.27,63.82,5.84
Ondjiva,0,AO,1604718184,31,-17.07,15.73,69.84,6.76
Chitungwiza,0,ZW,1604718185,53,-18.01,31.08,69.01,5.01
Mwinilunga,43,ZM,1604718185,85,-11.74,24.43,62.04,1.61
Quatre Cocos,75,MU,1604718185,88,-20.21,57.76,73.0,6.93
